label,Genefamily,Value
Aquila chrysaetos,OG0000007,decreased
3,OG0000007,none
Taeniopygia guttata,OG0000007,decreased
7,OG0000007,none
Nipponia nippon,OG0000007,none
11,OG0000007,none
Rissa tridactyla,OG0000007,increased
19,OG0000007,none
Cuculus canorus,OG0000007,none
10,OG0000007,none
29,OG0000007,none
Apus apus,OG0000007,decreased
41,OG0000007,decreased
Columbalivia,OG0000007,increased
Numida meleagris,OG0000007,none
48,OG0000007,decreased
Dromaius novaehollandiae,OG0000007,none
58,OG0000007,none
Alligator mississippiensis,OG0000007,increased
68,OG0000007,decreased
Gopherus evgoodei,OG0000007,increased
Varanus komodoensis,OG0000007,decreased
43,OG0000007,decreased
73,OG0000007,increased
Pogona vitticeps,OG0000007,decreased
51,OG0000007,decreased
Pseudonaja textilis,OG0000007,decreased
61,OG0000007,decreased
Eublepharis macularius,OG0000007,increased
69,OG0000007,none
Sphenodon punctatus,OG0000007,increased
75,OG0000007,increased
Sus scrofa,OG0000007,increased
17,OG0000007,none
Balaenoptera musculus,OG0000007,decreased
26,OG0000007,increased
Ceratotherium simum,OG0000007,increased
37,OG0000007,none
Desmodus rotundus,OG0000007,decreased
46,OG0000007,decreased
Gorilla gorilla,OG0000007,decreased
24,OG0000007,none
Tupaia chinensis,OG0000007,increased
36,OG0000007,decreased
64,OG0000007,decreased
Nannosplalax galili,OG0000007,decreased
Elephas maximus,OG0000007,increased
71,OG0000007,increased
47,OG0000007,increased
Choloepus didactylus,OG0000007,increased
72,OG0000007,increased
Sarcophilus harrisi,OG0000007,increased
Ornithorhynchus anatinus,OG0000007,decreased
MRCA,OG0000007,none
Rana temporaria,OG0000007,increased
20,OG0000007,increased
Nanorana parkeri,OG0000007,decreased
32,OG0000007,increased
Bufo bufo,OG0000007,increased
44,OG0000007,none
Leptobrachium leishanense,OG0000007,decreased
33,OG0000007,decreased
Spea bombifrons,OG0000007,none
52,OG0000007,none
Xenopus Tropicalis,OG0000007,decreased
45,OG0000007,increased
62,OG0000007,increased
Xenopus Laevis,OG0000007,increased
70,OG0000007,none
Bombina bombina,OG0000007,none
Pleurodeles waltl,OG0000007,decreased
74,OG0000007,increased
Microcaecilia unicolor,OG0000007,increased
56,OG0000007,increased
Geotrypetes seraphini,OG0000007,decreased
66,OG0000007,increased
Rhinatrema bivittatum,OG0000007,increased
Aquila chrysaetos,OG0000017,increased
3,OG0000017,none
Taeniopygia guttata,OG0000017,decreased
7,OG0000017,none
Nipponia nippon,OG0000017,decreased
11,OG0000017,none
Rissa tridactyla,OG0000017,increased
19,OG0000017,none
Cuculus canorus,OG0000017,increased
10,OG0000017,none
29,OG0000017,none
Apus apus,OG0000017,increased
41,OG0000017,none
Columbalivia,OG0000017,increased
Numida meleagris,OG0000017,decreased
48,OG0000017,decreased
Dromaius novaehollandiae,OG0000017,none
58,OG0000017,decreased
Alligator mississippiensis,OG0000017,decreased
68,OG0000017,increased
Gopherus evgoodei,OG0000017,none
Varanus komodoensis,OG0000017,decreased
43,OG0000017,none
73,OG0000017,decreased
Pogona vitticeps,OG0000017,none
51,OG0000017,none
Pseudonaja textilis,OG0000017,none
61,OG0000017,none
Eublepharis macularius,OG0000017,decreased
69,OG0000017,decreased
Sphenodon punctatus,OG0000017,decreased
75,OG0000017,decreased
Sus scrofa,OG0000017,decreased
17,OG0000017,none
Balaenoptera musculus,OG0000017,increased
26,OG0000017,none
Ceratotherium simum,OG0000017,decreased
37,OG0000017,none
Desmodus rotundus,OG0000017,decreased
46,OG0000017,none
Gorilla gorilla,OG0000017,increased
24,OG0000017,none
Tupaia chinensis,OG0000017,decreased
36,OG0000017,none
64,OG0000017,increased
Nannosplalax galili,OG0000017,increased
Elephas maximus,OG0000017,increased
71,OG0000017,increased
47,OG0000017,increased
Choloepus didactylus,OG0000017,none
72,OG0000017,increased
Sarcophilus harrisi,OG0000017,decreased
Ornithorhynchus anatinus,OG0000017,increased
MRCA,OG0000017,none
Rana temporaria,OG0000017,decreased
20,OG0000017,decreased
Nanorana parkeri,OG0000017,decreased
32,OG0000017,none
Bufo bufo,OG0000017,increased
44,OG0000017,none
Leptobrachium leishanense,OG0000017,decreased
33,OG0000017,increased
Spea bombifrons,OG0000017,increased
52,OG0000017,none
Xenopus Tropicalis,OG0000017,decreased
45,OG0000017,increased
62,OG0000017,increased
Xenopus Laevis,OG0000017,increased
70,OG0000017,increased
Bombina bombina,OG0000017,decreased
Pleurodeles waltl,OG0000017,increased
74,OG0000017,increased
Microcaecilia unicolor,OG0000017,increased
56,OG0000017,increased
Geotrypetes seraphini,OG0000017,none
66,OG0000017,none
Rhinatrema bivittatum,OG0000017,decreased
Aquila chrysaetos,OG0000023,increased
3,OG0000023,none
Taeniopygia guttata,OG0000023,decreased
7,OG0000023,none
Nipponia nippon,OG0000023,none
11,OG0000023,none
Rissa tridactyla,OG0000023,increased
19,OG0000023,none
Cuculus canorus,OG0000023,increased
10,OG0000023,none
29,OG0000023,none
Apus apus,OG0000023,none
41,OG0000023,none
Columbalivia,OG0000023,none
Numida meleagris,OG0000023,decreased
48,OG0000023,decreased
Dromaius novaehollandiae,OG0000023,decreased
58,OG0000023,decreased
Alligator mississippiensis,OG0000023,increased
68,OG0000023,increased
Gopherus evgoodei,OG0000023,none
Varanus komodoensis,OG0000023,decreased
43,OG0000023,none
73,OG0000023,decreased
Pogona vitticeps,OG0000023,increased
51,OG0000023,none
Pseudonaja textilis,OG0000023,decreased
61,OG0000023,none
Eublepharis macularius,OG0000023,none
69,OG0000023,none
Sphenodon punctatus,OG0000023,decreased
Sus scrofa,OG0000023,increased
17,OG0000023,none
Balaenoptera musculus,OG0000023,decreased
26,OG0000023,none
Ceratotherium simum,OG0000023,increased
75,OG0000023,decreased
37,OG0000023,none
Desmodus rotundus,OG0000023,decreased
46,OG0000023,none
Gorilla gorilla,OG0000023,decreased
24,OG0000023,decreased
Tupaia chinensis,OG0000023,decreased
36,OG0000023,none
64,OG0000023,increased
Nannosplalax galili,OG0000023,increased
Elephas maximus,OG0000023,increased
71,OG0000023,increased
47,OG0000023,none
Choloepus didactylus,OG0000023,none
72,OG0000023,decreased
Sarcophilus harrisi,OG0000023,increased
MRCA,OG0000023,none
Ornithorhynchus anatinus,OG0000023,decreased
Rana temporaria,OG0000023,increased
20,OG0000023,none
Nanorana parkeri,OG0000023,decreased
32,OG0000023,increased
Bufo bufo,OG0000023,increased
44,OG0000023,none
Leptobrachium leishanense,OG0000023,increased
33,OG0000023,increased
Spea bombifrons,OG0000023,decreased
52,OG0000023,none
Xenopus Tropicalis,OG0000023,decreased
45,OG0000023,decreased
62,OG0000023,increased
Xenopus Laevis,OG0000023,none
70,OG0000023,increased
Bombina bombina,OG0000023,increased
Pleurodeles waltl,OG0000023,none
74,OG0000023,increased
Microcaecilia unicolor,OG0000023,increased
56,OG0000023,decreased
Geotrypetes seraphini,OG0000023,decreased
66,OG0000023,none
Rhinatrema bivittatum,OG0000023,increased
Aquila chrysaetos,OG0000054,none
3,OG0000054,none
Taeniopygia guttata,OG0000054,none
7,OG0000054,none
Nipponia nippon,OG0000054,none
11,OG0000054,none
Rissa tridactyla,OG0000054,none
19,OG0000054,none
Cuculus canorus,OG0000054,none
10,OG0000054,none
29,OG0000054,none
Apus apus,OG0000054,none
41,OG0000054,none
Columbalivia,OG0000054,none
Numida meleagris,OG0000054,none
48,OG0000054,none
Dromaius novaehollandiae,OG0000054,none
58,OG0000054,decreased
Alligator mississippiensis,OG0000054,none
68,OG0000054,increased
Gopherus evgoodei,OG0000054,none
Varanus komodoensis,OG0000054,none
43,OG0000054,none
73,OG0000054,none
Pogona vitticeps,OG0000054,none
51,OG0000054,none
Pseudonaja textilis,OG0000054,none
61,OG0000054,decreased
Eublepharis macularius,OG0000054,none
69,OG0000054,none
Sphenodon punctatus,OG0000054,none
75,OG0000054,decreased
Sus scrofa,OG0000054,none
17,OG0000054,none
Balaenoptera musculus,OG0000054,none
26,OG0000054,none
Ceratotherium simum,OG0000054,none
37,OG0000054,none
Desmodus rotundus,OG0000054,none
46,OG0000054,none
Gorilla gorilla,OG0000054,none
24,OG0000054,none
Tupaia chinensis,OG0000054,none
36,OG0000054,none
64,OG0000054,increased
Nannosplalax galili,OG0000054,none
Elephas maximus,OG0000054,none
71,OG0000054,increased
47,OG0000054,none
Choloepus didactylus,OG0000054,none
72,OG0000054,decreased
Sarcophilus harrisi,OG0000054,none
Ornithorhynchus anatinus,OG0000054,none
MRCA,OG0000054,none
Rana temporaria,OG0000054,decreased
20,OG0000054,decreased
Nanorana parkeri,OG0000054,none
32,OG0000054,decreased
Bufo bufo,OG0000054,decreased
44,OG0000054,none
Leptobrachium leishanense,OG0000054,decreased
33,OG0000054,increased
Spea bombifrons,OG0000054,increased
52,OG0000054,none
Xenopus Tropicalis,OG0000054,increased
45,OG0000054,increased
62,OG0000054,increased
Xenopus Laevis,OG0000054,decreased
70,OG0000054,none
Bombina bombina,OG0000054,decreased
Pleurodeles waltl,OG0000054,decreased
74,OG0000054,increased
Microcaecilia unicolor,OG0000054,increased
56,OG0000054,none
Geotrypetes seraphini,OG0000054,decreased
66,OG0000054,none
Rhinatrema bivittatum,OG0000054,increased
Aquila chrysaetos,OG0000056,none
3,OG0000056,none
Taeniopygia guttata,OG0000056,decreased
7,OG0000056,none
Nipponia nippon,OG0000056,decreased
11,OG0000056,none
Rissa tridactyla,OG0000056,increased
19,OG0000056,none
Cuculus canorus,OG0000056,increased
10,OG0000056,none
29,OG0000056,none
Apus apus,OG0000056,increased
41,OG0000056,none
Columbalivia,OG0000056,decreased
Numida meleagris,OG0000056,none
48,OG0000056,none
Dromaius novaehollandiae,OG0000056,none
58,OG0000056,none
Alligator mississippiensis,OG0000056,decreased
68,OG0000056,increased
Gopherus evgoodei,OG0000056,decreased
Varanus komodoensis,OG0000056,decreased
43,OG0000056,none
73,OG0000056,decreased
Pogona vitticeps,OG0000056,none
51,OG0000056,none
Pseudonaja textilis,OG0000056,none
61,OG0000056,decreased
Eublepharis macularius,OG0000056,none
69,OG0000056,none
Sphenodon punctatus,OG0000056,increased
75,OG0000056,decreased
Sus scrofa,OG0000056,decreased
17,OG0000056,none
Balaenoptera musculus,OG0000056,increased
26,OG0000056,none
Ceratotherium simum,OG0000056,increased
37,OG0000056,none
Desmodus rotundus,OG0000056,increased
46,OG0000056,none
Gorilla gorilla,OG0000056,none
24,OG0000056,none
Tupaia chinensis,OG0000056,decreased
36,OG0000056,none
64,OG0000056,increased
Nannosplalax galili,OG0000056,decreased
Elephas maximus,OG0000056,none
71,OG0000056,increased
47,OG0000056,none
Choloepus didactylus,OG0000056,increased
72,OG0000056,none
Sarcophilus harrisi,OG0000056,decreased
Ornithorhynchus anatinus,OG0000056,increased
MRCA,OG0000056,none
Rana temporaria,OG0000056,none
20,OG0000056,decreased
Nanorana parkeri,OG0000056,decreased
32,OG0000056,none
Bufo bufo,OG0000056,increased
44,OG0000056,none
Leptobrachium leishanense,OG0000056,decreased
33,OG0000056,increased
Spea bombifrons,OG0000056,increased
52,OG0000056,none
Xenopus Tropicalis,OG0000056,decreased
45,OG0000056,decreased
62,OG0000056,increased
Xenopus Laevis,OG0000056,increased
70,OG0000056,increased
Bombina bombina,OG0000056,decreased
Pleurodeles waltl,OG0000056,increased
74,OG0000056,increased
Microcaecilia unicolor,OG0000056,increased
56,OG0000056,none
Geotrypetes seraphini,OG0000056,none
66,OG0000056,decreased
Rhinatrema bivittatum,OG0000056,decreased
Aquila chrysaetos,OG0000058,none
3,OG0000058,none
Taeniopygia guttata,OG0000058,none
7,OG0000058,none
Nipponia nippon,OG0000058,none
11,OG0000058,none
Rissa tridactyla,OG0000058,none
19,OG0000058,none
Cuculus canorus,OG0000058,none
10,OG0000058,none
29,OG0000058,none
Apus apus,OG0000058,none
41,OG0000058,none
Columbalivia,OG0000058,none
Numida meleagris,OG0000058,none
48,OG0000058,decreased
Dromaius novaehollandiae,OG0000058,none
58,OG0000058,none
Alligator mississippiensis,OG0000058,increased
68,OG0000058,none
Gopherus evgoodei,OG0000058,decreased
Varanus komodoensis,OG0000058,decreased
43,OG0000058,none
73,OG0000058,none
Pogona vitticeps,OG0000058,increased
51,OG0000058,none
Pseudonaja textilis,OG0000058,none
61,OG0000058,increased
Eublepharis macularius,OG0000058,increased
69,OG0000058,increased
Sphenodon punctatus,OG0000058,decreased
75,OG0000058,decreased
Sus scrofa,OG0000058,none
17,OG0000058,none
Balaenoptera musculus,OG0000058,none
26,OG0000058,none
Ceratotherium simum,OG0000058,decreased
37,OG0000058,none
Desmodus rotundus,OG0000058,decreased
46,OG0000058,none
Gorilla gorilla,OG0000058,none
24,OG0000058,none
Tupaia chinensis,OG0000058,decreased
36,OG0000058,none
64,OG0000058,none
Nannosplalax galili,OG0000058,increased
Elephas maximus,OG0000058,none
71,OG0000058,decreased
47,OG0000058,none
Choloepus didactylus,OG0000058,none
72,OG0000058,decreased
Sarcophilus harrisi,OG0000058,decreased
Ornithorhynchus anatinus,OG0000058,none
MRCA,OG0000058,none
Rana temporaria,OG0000058,increased
20,OG0000058,increased
Nanorana parkeri,OG0000058,decreased
32,OG0000058,increased
Bufo bufo,OG0000058,increased
44,OG0000058,none
Leptobrachium leishanense,OG0000058,increased
33,OG0000058,none
Spea bombifrons,OG0000058,decreased
52,OG0000058,increased
Xenopus Tropicalis,OG0000058,decreased
45,OG0000058,increased
62,OG0000058,increased
Xenopus Laevis,OG0000058,increased
70,OG0000058,increased
Bombina bombina,OG0000058,decreased
Pleurodeles waltl,OG0000058,increased
74,OG0000058,increased
Microcaecilia unicolor,OG0000058,increased
56,OG0000058,none
Geotrypetes seraphini,OG0000058,decreased
66,OG0000058,none
Rhinatrema bivittatum,OG0000058,none
Aquila chrysaetos,OG0000068,decreased
3,OG0000068,none
Taeniopygia guttata,OG0000068,increased
7,OG0000068,none
Nipponia nippon,OG0000068,none
11,OG0000068,none
Rissa tridactyla,OG0000068,none
19,OG0000068,none
Cuculus canorus,OG0000068,none
10,OG0000068,none
29,OG0000068,none
Apus apus,OG0000068,none
41,OG0000068,none
Columbalivia,OG0000068,increased
Numida meleagris,OG0000068,none
48,OG0000068,decreased
Dromaius novaehollandiae,OG0000068,increased
58,OG0000068,none
Alligator mississippiensis,OG0000068,decreased
68,OG0000068,decreased
Gopherus evgoodei,OG0000068,decreased
Varanus komodoensis,OG0000068,increased
43,OG0000068,none
73,OG0000068,none
Pogona vitticeps,OG0000068,none
51,OG0000068,none
Pseudonaja textilis,OG0000068,decreased
61,OG0000068,none
Eublepharis macularius,OG0000068,decreased
69,OG0000068,none
Sphenodon punctatus,OG0000068,decreased
75,OG0000068,decreased
Sus scrofa,OG0000068,none
17,OG0000068,none
Balaenoptera musculus,OG0000068,none
26,OG0000068,none
Ceratotherium simum,OG0000068,decreased
37,OG0000068,none
Desmodus rotundus,OG0000068,none
46,OG0000068,none
Gorilla gorilla,OG0000068,none
24,OG0000068,none
Tupaia chinensis,OG0000068,increased
36,OG0000068,none
64,OG0000068,decreased
Nannosplalax galili,OG0000068,increased
Elephas maximus,OG0000068,none
71,OG0000068,none
47,OG0000068,decreased
Choloepus didactylus,OG0000068,decreased
72,OG0000068,decreased
Sarcophilus harrisi,OG0000068,none
Ornithorhynchus anatinus,OG0000068,none
MRCA,OG0000068,none
Rana temporaria,OG0000068,increased
20,OG0000068,decreased
Nanorana parkeri,OG0000068,decreased
32,OG0000068,none
Bufo bufo,OG0000068,increased
44,OG0000068,none
Leptobrachium leishanense,OG0000068,decreased
33,OG0000068,decreased
Spea bombifrons,OG0000068,none
52,OG0000068,none
Xenopus Tropicalis,OG0000068,decreased
45,OG0000068,increased
62,OG0000068,increased
Xenopus Laevis,OG0000068,increased
70,OG0000068,increased
Bombina bombina,OG0000068,increased
Pleurodeles waltl,OG0000068,increased
74,OG0000068,increased
Microcaecilia unicolor,OG0000068,none
56,OG0000068,none
Geotrypetes seraphini,OG0000068,decreased
66,OG0000068,none
Rhinatrema bivittatum,OG0000068,increased
Aquila chrysaetos,OG0000073,increased
3,OG0000073,none
Taeniopygia guttata,OG0000073,increased
7,OG0000073,none
Nipponia nippon,OG0000073,none
11,OG0000073,none
Rissa tridactyla,OG0000073,none
19,OG0000073,none
Cuculus canorus,OG0000073,increased
10,OG0000073,none
29,OG0000073,none
Apus apus,OG0000073,none
41,OG0000073,none
Columbalivia,OG0000073,none
Numida meleagris,OG0000073,none
48,OG0000073,decreased
Dromaius novaehollandiae,OG0000073,decreased
58,OG0000073,none
Alligator mississippiensis,OG0000073,increased
68,OG0000073,decreased
Gopherus evgoodei,OG0000073,none
Varanus komodoensis,OG0000073,decreased
43,OG0000073,none
73,OG0000073,none
Pogona vitticeps,OG0000073,none
51,OG0000073,none
Pseudonaja textilis,OG0000073,decreased
61,OG0000073,none
Eublepharis macularius,OG0000073,increased
69,OG0000073,none
Sphenodon punctatus,OG0000073,decreased
75,OG0000073,decreased
Sus scrofa,OG0000073,increased
17,OG0000073,none
Balaenoptera musculus,OG0000073,increased
26,OG0000073,increased
Ceratotherium simum,OG0000073,none
37,OG0000073,none
Desmodus rotundus,OG0000073,decreased
46,OG0000073,none
Gorilla gorilla,OG0000073,decreased
24,OG0000073,none
Tupaia chinensis,OG0000073,none
36,OG0000073,none
64,OG0000073,decreased
Nannosplalax galili,OG0000073,increased
Elephas maximus,OG0000073,none
71,OG0000073,decreased
47,OG0000073,decreased
Choloepus didactylus,OG0000073,decreased
72,OG0000073,decreased
Sarcophilus harrisi,OG0000073,decreased
Ornithorhynchus anatinus,OG0000073,decreased
MRCA,OG0000073,none
Rana temporaria,OG0000073,increased
20,OG0000073,none
Nanorana parkeri,OG0000073,decreased
32,OG0000073,increased
Bufo bufo,OG0000073,increased
44,OG0000073,none
Leptobrachium leishanense,OG0000073,increased
33,OG0000073,none
Spea bombifrons,OG0000073,decreased
52,OG0000073,none
Xenopus Tropicalis,OG0000073,decreased
45,OG0000073,decreased
62,OG0000073,increased
Xenopus Laevis,OG0000073,increased
70,OG0000073,increased
Bombina bombina,OG0000073,decreased
Pleurodeles waltl,OG0000073,increased
74,OG0000073,increased
Microcaecilia unicolor,OG0000073,increased
56,OG0000073,none
Geotrypetes seraphini,OG0000073,decreased
66,OG0000073,none
Rhinatrema bivittatum,OG0000073,increased
Aquila chrysaetos,OG0000087,increased
3,OG0000087,none
Taeniopygia guttata,OG0000087,none
7,OG0000087,none
Nipponia nippon,OG0000087,decreased
11,OG0000087,none
Rissa tridactyla,OG0000087,increased
19,OG0000087,none
Cuculus canorus,OG0000087,increased
10,OG0000087,none
29,OG0000087,none
Apus apus,OG0000087,decreased
41,OG0000087,none
Columbalivia,OG0000087,decreased
Numida meleagris,OG0000087,increased
48,OG0000087,decreased
Dromaius novaehollandiae,OG0000087,none
58,OG0000087,none
Alligator mississippiensis,OG0000087,none
68,OG0000087,none
Gopherus evgoodei,OG0000087,none
Varanus komodoensis,OG0000087,decreased
43,OG0000087,none
73,OG0000087,none
Pogona vitticeps,OG0000087,increased
51,OG0000087,none
Pseudonaja textilis,OG0000087,increased
61,OG0000087,none
Eublepharis macularius,OG0000087,increased
69,OG0000087,none
Sphenodon punctatus,OG0000087,decreased
75,OG0000087,decreased
Sus scrofa,OG0000087,increased
17,OG0000087,none
Balaenoptera musculus,OG0000087,decreased
26,OG0000087,none
Ceratotherium simum,OG0000087,increased
37,OG0000087,none
Desmodus rotundus,OG0000087,decreased
46,OG0000087,none
Gorilla gorilla,OG0000087,decreased
24,OG0000087,none
Tupaia chinensis,OG0000087,none
36,OG0000087,none
64,OG0000087,none
Nannosplalax galili,OG0000087,none
Elephas maximus,OG0000087,none
71,OG0000087,none
47,OG0000087,decreased
Choloepus didactylus,OG0000087,none
72,OG0000087,decreased
Sarcophilus harrisi,OG0000087,decreased
Ornithorhynchus anatinus,OG0000087,decreased
MRCA,OG0000087,none
Rana temporaria,OG0000087,increased
20,OG0000087,increased
Nanorana parkeri,OG0000087,none
32,OG0000087,increased
Bufo bufo,OG0000087,increased
44,OG0000087,none
Leptobrachium leishanense,OG0000087,decreased
33,OG0000087,none
Spea bombifrons,OG0000087,increased
52,OG0000087,none
Xenopus Tropicalis,OG0000087,decreased
45,OG0000087,decreased
62,OG0000087,increased
Xenopus Laevis,OG0000087,increased
70,OG0000087,increased
Bombina bombina,OG0000087,increased
Pleurodeles waltl,OG0000087,increased
74,OG0000087,increased
Microcaecilia unicolor,OG0000087,increased
56,OG0000087,none
Geotrypetes seraphini,OG0000087,none
66,OG0000087,none
Rhinatrema bivittatum,OG0000087,none
Aquila chrysaetos,OG0000089,increased
3,OG0000089,none
Taeniopygia guttata,OG0000089,decreased
7,OG0000089,none
Nipponia nippon,OG0000089,none
11,OG0000089,none
Rissa tridactyla,OG0000089,increased
19,OG0000089,none
Cuculus canorus,OG0000089,decreased
10,OG0000089,none
29,OG0000089,none
Apus apus,OG0000089,none
41,OG0000089,none
Columbalivia,OG0000089,increased
Numida meleagris,OG0000089,none
48,OG0000089,decreased
Dromaius novaehollandiae,OG0000089,none
58,OG0000089,none
Alligator mississippiensis,OG0000089,increased
68,OG0000089,none
Gopherus evgoodei,OG0000089,increased
Varanus komodoensis,OG0000089,decreased
43,OG0000089,none
73,OG0000089,none
Pogona vitticeps,OG0000089,increased
51,OG0000089,none
Pseudonaja textilis,OG0000089,increased
61,OG0000089,none
Eublepharis macularius,OG0000089,increased
69,OG0000089,none
Sphenodon punctatus,OG0000089,decreased
75,OG0000089,decreased
Sus scrofa,OG0000089,none
17,OG0000089,none
Balaenoptera musculus,OG0000089,increased
26,OG0000089,none
Ceratotherium simum,OG0000089,decreased
37,OG0000089,none
Desmodus rotundus,OG0000089,decreased
46,OG0000089,none
Gorilla gorilla,OG0000089,none
24,OG0000089,none
Tupaia chinensis,OG0000089,increased
36,OG0000089,none
64,OG0000089,none
Nannosplalax galili,OG0000089,none
Elephas maximus,OG0000089,none
71,OG0000089,increased
47,OG0000089,none
Choloepus didactylus,OG0000089,decreased
72,OG0000089,decreased
Sarcophilus harrisi,OG0000089,none
Ornithorhynchus anatinus,OG0000089,decreased
MRCA,OG0000089,none
Rana temporaria,OG0000089,increased
20,OG0000089,none
Nanorana parkeri,OG0000089,decreased
32,OG0000089,increased
Bufo bufo,OG0000089,increased
44,OG0000089,none
Leptobrachium leishanense,OG0000089,decreased
33,OG0000089,decreased
Spea bombifrons,OG0000089,none
52,OG0000089,none
Xenopus Tropicalis,OG0000089,decreased
45,OG0000089,decreased
62,OG0000089,none
Xenopus Laevis,OG0000089,increased
70,OG0000089,none
Bombina bombina,OG0000089,increased
Pleurodeles waltl,OG0000089,increased
74,OG0000089,increased
Microcaecilia unicolor,OG0000089,decreased
56,OG0000089,none
Geotrypetes seraphini,OG0000089,increased
66,OG0000089,none
Rhinatrema bivittatum,OG0000089,increased
Aquila chrysaetos,OG0000122,decreased
3,OG0000122,none
Taeniopygia guttata,OG0000122,decreased
7,OG0000122,none
Nipponia nippon,OG0000122,none
11,OG0000122,none
Rissa tridactyla,OG0000122,none
19,OG0000122,none
Cuculus canorus,OG0000122,none
10,OG0000122,none
29,OG0000122,none
Apus apus,OG0000122,none
41,OG0000122,none
Columbalivia,OG0000122,none
Numida meleagris,OG0000122,none
48,OG0000122,decreased
Dromaius novaehollandiae,OG0000122,none
58,OG0000122,none
Alligator mississippiensis,OG0000122,none
68,OG0000122,decreased
Gopherus evgoodei,OG0000122,increased
Varanus komodoensis,OG0000122,decreased
43,OG0000122,none
73,OG0000122,none
Pogona vitticeps,OG0000122,increased
51,OG0000122,none
Pseudonaja textilis,OG0000122,decreased
61,OG0000122,none
Eublepharis macularius,OG0000122,decreased
69,OG0000122,decreased
Sphenodon punctatus,OG0000122,none
75,OG0000122,decreased
Sus scrofa,OG0000122,none
17,OG0000122,none
Balaenoptera musculus,OG0000122,none
26,OG0000122,none
Ceratotherium simum,OG0000122,none
37,OG0000122,none
Desmodus rotundus,OG0000122,none
46,OG0000122,none
Gorilla gorilla,OG0000122,none
24,OG0000122,none
Tupaia chinensis,OG0000122,none
36,OG0000122,none
64,OG0000122,decreased
Nannosplalax galili,OG0000122,none
Elephas maximus,OG0000122,none
71,OG0000122,decreased
47,OG0000122,none
Choloepus didactylus,OG0000122,none
72,OG0000122,decreased
Sarcophilus harrisi,OG0000122,none
Ornithorhynchus anatinus,OG0000122,none
MRCA,OG0000122,none
Rana temporaria,OG0000122,increased
20,OG0000122,none
Nanorana parkeri,OG0000122,decreased
32,OG0000122,none
Bufo bufo,OG0000122,decreased
44,OG0000122,none
Leptobrachium leishanense,OG0000122,decreased
33,OG0000122,none
Spea bombifrons,OG0000122,increased
52,OG0000122,none
Xenopus Tropicalis,OG0000122,increased
45,OG0000122,increased
62,OG0000122,increased
Xenopus Laevis,OG0000122,decreased
70,OG0000122,increased
Bombina bombina,OG0000122,increased
Pleurodeles waltl,OG0000122,increased
74,OG0000122,increased
Microcaecilia unicolor,OG0000122,decreased
56,OG0000122,none
Geotrypetes seraphini,OG0000122,none
66,OG0000122,none
Rhinatrema bivittatum,OG0000122,increased
Aquila chrysaetos,OG0000183,none
3,OG0000183,none
Taeniopygia guttata,OG0000183,none
7,OG0000183,none
Nipponia nippon,OG0000183,none
11,OG0000183,none
Rissa tridactyla,OG0000183,none
19,OG0000183,none
Cuculus canorus,OG0000183,none
10,OG0000183,none
29,OG0000183,none
Apus apus,OG0000183,none
41,OG0000183,none
Columbalivia,OG0000183,none
Numida meleagris,OG0000183,none
48,OG0000183,decreased
Dromaius novaehollandiae,OG0000183,none
58,OG0000183,none
Alligator mississippiensis,OG0000183,none
68,OG0000183,none
Gopherus evgoodei,OG0000183,decreased
Varanus komodoensis,OG0000183,decreased
43,OG0000183,none
73,OG0000183,none
Pogona vitticeps,OG0000183,increased
51,OG0000183,none
Pseudonaja textilis,OG0000183,increased
61,OG0000183,increased
Eublepharis macularius,OG0000183,none
69,OG0000183,none
Sphenodon punctatus,OG0000183,decreased
75,OG0000183,decreased
Sus scrofa,OG0000183,none
17,OG0000183,none
Balaenoptera musculus,OG0000183,increased
26,OG0000183,increased
Ceratotherium simum,OG0000183,increased
37,OG0000183,none
Desmodus rotundus,OG0000183,decreased
46,OG0000183,none
Gorilla gorilla,OG0000183,increased
24,OG0000183,increased
Tupaia chinensis,OG0000183,none
36,OG0000183,none
64,OG0000183,none
Nannosplalax galili,OG0000183,decreased
Elephas maximus,OG0000183,none
71,OG0000183,decreased
47,OG0000183,none
Choloepus didactylus,OG0000183,none
72,OG0000183,none
Sarcophilus harrisi,OG0000183,decreased
Ornithorhynchus anatinus,OG0000183,decreased
MRCA,OG0000183,none
Rana temporaria,OG0000183,none
20,OG0000183,decreased
Nanorana parkeri,OG0000183,decreased
32,OG0000183,none
Bufo bufo,OG0000183,increased
44,OG0000183,none
Leptobrachium leishanense,OG0000183,increased
33,OG0000183,none
Spea bombifrons,OG0000183,decreased
52,OG0000183,none
Xenopus Tropicalis,OG0000183,none
45,OG0000183,decreased
62,OG0000183,none
Xenopus Laevis,OG0000183,none
70,OG0000183,increased
Bombina bombina,OG0000183,increased
Pleurodeles waltl,OG0000183,increased
74,OG0000183,increased
Microcaecilia unicolor,OG0000183,decreased
56,OG0000183,increased
Geotrypetes seraphini,OG0000183,increased
66,OG0000183,none
Rhinatrema bivittatum,OG0000183,decreased
Aquila chrysaetos,OG0000209,none
3,OG0000209,none
Taeniopygia guttata,OG0000209,none
7,OG0000209,decreased
Nipponia nippon,OG0000209,none
11,OG0000209,none
Rissa tridactyla,OG0000209,none
19,OG0000209,none
Cuculus canorus,OG0000209,none
10,OG0000209,none
29,OG0000209,none
Apus apus,OG0000209,decreased
41,OG0000209,none
Columbalivia,OG0000209,none
Numida meleagris,OG0000209,decreased
48,OG0000209,decreased
Dromaius novaehollandiae,OG0000209,decreased
58,OG0000209,decreased
Alligator mississippiensis,OG0000209,decreased
68,OG0000209,increased
Gopherus evgoodei,OG0000209,increased
Varanus komodoensis,OG0000209,none
43,OG0000209,decreased
73,OG0000209,none
Pogona vitticeps,OG0000209,none
51,OG0000209,decreased
Pseudonaja textilis,OG0000209,none
61,OG0000209,none
Eublepharis macularius,OG0000209,increased
69,OG0000209,none
Sphenodon punctatus,OG0000209,decreased
75,OG0000209,decreased
Sus scrofa,OG0000209,none
17,OG0000209,none
Balaenoptera musculus,OG0000209,increased
26,OG0000209,none
Ceratotherium simum,OG0000209,none
37,OG0000209,none
Desmodus rotundus,OG0000209,decreased
46,OG0000209,none
Gorilla gorilla,OG0000209,none
24,OG0000209,none
Tupaia chinensis,OG0000209,none
36,OG0000209,none
64,OG0000209,increased
Nannosplalax galili,OG0000209,none
Elephas maximus,OG0000209,none
71,OG0000209,increased
47,OG0000209,none
Choloepus didactylus,OG0000209,none
72,OG0000209,decreased
Sarcophilus harrisi,OG0000209,none
Ornithorhynchus anatinus,OG0000209,none
MRCA,OG0000209,none
Rana temporaria,OG0000209,increased
20,OG0000209,none
Nanorana parkeri,OG0000209,decreased
32,OG0000209,increased
Bufo bufo,OG0000209,increased
44,OG0000209,none
Leptobrachium leishanense,OG0000209,decreased
33,OG0000209,none
Spea bombifrons,OG0000209,increased
52,OG0000209,none
Xenopus Tropicalis,OG0000209,decreased
45,OG0000209,decreased
62,OG0000209,increased
Xenopus Laevis,OG0000209,increased
70,OG0000209,none
Bombina bombina,OG0000209,increased
Pleurodeles waltl,OG0000209,increased
74,OG0000209,increased
Microcaecilia unicolor,OG0000209,decreased
56,OG0000209,none
Geotrypetes seraphini,OG0000209,increased
66,OG0000209,decreased
Rhinatrema bivittatum,OG0000209,none
Aquila chrysaetos,OG0000212,none
3,OG0000212,none
Taeniopygia guttata,OG0000212,none
7,OG0000212,none
Nipponia nippon,OG0000212,none
11,OG0000212,none
Rissa tridactyla,OG0000212,none
19,OG0000212,none
Cuculus canorus,OG0000212,none
10,OG0000212,none
29,OG0000212,none
Apus apus,OG0000212,none
41,OG0000212,none
Columbalivia,OG0000212,none
Numida meleagris,OG0000212,none
48,OG0000212,none
Dromaius novaehollandiae,OG0000212,none
58,OG0000212,none
Alligator mississippiensis,OG0000212,none
68,OG0000212,decreased
Gopherus evgoodei,OG0000212,none
Varanus komodoensis,OG0000212,none
43,OG0000212,none
73,OG0000212,decreased
Pogona vitticeps,OG0000212,increased
51,OG0000212,none
Pseudonaja textilis,OG0000212,decreased
61,OG0000212,none
Eublepharis macularius,OG0000212,none
69,OG0000212,none
Sphenodon punctatus,OG0000212,increased
75,OG0000212,decreased
Sus scrofa,OG0000212,decreased
17,OG0000212,none
Balaenoptera musculus,OG0000212,none
26,OG0000212,none
Ceratotherium simum,OG0000212,increased
37,OG0000212,none
Desmodus rotundus,OG0000212,decreased
46,OG0000212,none
Gorilla gorilla,OG0000212,increased
24,OG0000212,none
Tupaia chinensis,OG0000212,none
36,OG0000212,none
64,OG0000212,decreased
Nannosplalax galili,OG0000212,increased
Elephas maximus,OG0000212,decreased
71,OG0000212,none
47,OG0000212,none
Choloepus didactylus,OG0000212,increased
72,OG0000212,none
Sarcophilus harrisi,OG0000212,none
Ornithorhynchus anatinus,OG0000212,increased
MRCA,OG0000212,none
Rana temporaria,OG0000212,increased
20,OG0000212,increased
Nanorana parkeri,OG0000212,increased
32,OG0000212,increased
Bufo bufo,OG0000212,decreased
44,OG0000212,none
Leptobrachium leishanense,OG0000212,increased
33,OG0000212,none
Spea bombifrons,OG0000212,decreased
52,OG0000212,none
Xenopus Tropicalis,OG0000212,decreased
45,OG0000212,decreased
62,OG0000212,increased
Xenopus Laevis,OG0000212,increased
70,OG0000212,increased
Bombina bombina,OG0000212,increased
Pleurodeles waltl,OG0000212,increased
74,OG0000212,increased
Microcaecilia unicolor,OG0000212,none
56,OG0000212,none
Geotrypetes seraphini,OG0000212,decreased
66,OG0000212,none
Rhinatrema bivittatum,OG0000212,increased
Aquila chrysaetos,OG0000222,decreased
3,OG0000222,none
Taeniopygia guttata,OG0000222,decreased
7,OG0000222,none
Nipponia nippon,OG0000222,none
11,OG0000222,none
Rissa tridactyla,OG0000222,none
19,OG0000222,none
Cuculus canorus,OG0000222,none
10,OG0000222,none
29,OG0000222,none
Apus apus,OG0000222,decreased
41,OG0000222,none
Columbalivia,OG0000222,decreased
Numida meleagris,OG0000222,decreased
48,OG0000222,none
Dromaius novaehollandiae,OG0000222,decreased
58,OG0000222,none
Alligator mississippiensis,OG0000222,decreased
68,OG0000222,none
Gopherus evgoodei,OG0000222,decreased
Varanus komodoensis,OG0000222,decreased
43,OG0000222,none
73,OG0000222,none
Pogona vitticeps,OG0000222,none
51,OG0000222,none
Pseudonaja textilis,OG0000222,increased
61,OG0000222,increased
Eublepharis macularius,OG0000222,increased
69,OG0000222,none
Sphenodon punctatus,OG0000222,decreased
75,OG0000222,decreased
Sus scrofa,OG0000222,none
17,OG0000222,none
Balaenoptera musculus,OG0000222,none
26,OG0000222,none
Ceratotherium simum,OG0000222,none
37,OG0000222,decreased
Desmodus rotundus,OG0000222,none
46,OG0000222,none
Gorilla gorilla,OG0000222,none
24,OG0000222,none
Tupaia chinensis,OG0000222,decreased
36,OG0000222,none
64,OG0000222,none
Nannosplalax galili,OG0000222,decreased
Elephas maximus,OG0000222,none
71,OG0000222,none
47,OG0000222,decreased
Choloepus didactylus,OG0000222,none
72,OG0000222,none
Sarcophilus harrisi,OG0000222,increased
Ornithorhynchus anatinus,OG0000222,none
MRCA,OG0000222,none
Rana temporaria,OG0000222,increased
20,OG0000222,increased
Nanorana parkeri,OG0000222,none
32,OG0000222,increased
Bufo bufo,OG0000222,none
44,OG0000222,none
Leptobrachium leishanense,OG0000222,none
33,OG0000222,decreased
Spea bombifrons,OG0000222,decreased
52,OG0000222,none
Xenopus Tropicalis,OG0000222,decreased
45,OG0000222,increased
62,OG0000222,increased
Xenopus Laevis,OG0000222,increased
70,OG0000222,increased
Bombina bombina,OG0000222,decreased
Pleurodeles waltl,OG0000222,increased
74,OG0000222,increased
Microcaecilia unicolor,OG0000222,increased
56,OG0000222,decreased
Geotrypetes seraphini,OG0000222,decreased
66,OG0000222,none
Rhinatrema bivittatum,OG0000222,none
Aquila chrysaetos,OG0000231,none
3,OG0000231,none
Taeniopygia guttata,OG0000231,none
7,OG0000231,none
Nipponia nippon,OG0000231,none
11,OG0000231,none
Rissa tridactyla,OG0000231,none
19,OG0000231,none
Cuculus canorus,OG0000231,none
10,OG0000231,none
29,OG0000231,none
Apus apus,OG0000231,none
41,OG0000231,none
Columbalivia,OG0000231,none
Numida meleagris,OG0000231,none
48,OG0000231,none
Dromaius novaehollandiae,OG0000231,none
58,OG0000231,none
Alligator mississippiensis,OG0000231,none
68,OG0000231,decreased
Gopherus evgoodei,OG0000231,none
Varanus komodoensis,OG0000231,none
43,OG0000231,none
73,OG0000231,none
Pogona vitticeps,OG0000231,none
51,OG0000231,decreased
Pseudonaja textilis,OG0000231,none
61,OG0000231,none
Eublepharis macularius,OG0000231,increased
69,OG0000231,none
Sphenodon punctatus,OG0000231,decreased
75,OG0000231,decreased
Sus scrofa,OG0000231,none
17,OG0000231,none
Balaenoptera musculus,OG0000231,none
26,OG0000231,none
Ceratotherium simum,OG0000231,none
37,OG0000231,none
Desmodus rotundus,OG0000231,none
46,OG0000231,none
Gorilla gorilla,OG0000231,none
24,OG0000231,none
Tupaia chinensis,OG0000231,none
36,OG0000231,none
64,OG0000231,decreased
Nannosplalax galili,OG0000231,none
Elephas maximus,OG0000231,none
71,OG0000231,none
47,OG0000231,none
Choloepus didactylus,OG0000231,none
72,OG0000231,decreased
Sarcophilus harrisi,OG0000231,none
Ornithorhynchus anatinus,OG0000231,none
MRCA,OG0000231,none
Rana temporaria,OG0000231,increased
20,OG0000231,none
Nanorana parkeri,OG0000231,decreased
32,OG0000231,decreased
Bufo bufo,OG0000231,decreased
44,OG0000231,none
Leptobrachium leishanense,OG0000231,increased
33,OG0000231,none
Spea bombifrons,OG0000231,decreased
52,OG0000231,none
Xenopus Tropicalis,OG0000231,decreased
45,OG0000231,increased
62,OG0000231,none
Xenopus Laevis,OG0000231,increased
70,OG0000231,increased
Bombina bombina,OG0000231,decreased
Pleurodeles waltl,OG0000231,increased
74,OG0000231,increased
Microcaecilia unicolor,OG0000231,decreased
56,OG0000231,none
Geotrypetes seraphini,OG0000231,none
66,OG0000231,none
Rhinatrema bivittatum,OG0000231,increased
Aquila chrysaetos,OG0000288,none
3,OG0000288,none
Taeniopygia guttata,OG0000288,none
7,OG0000288,none
Nipponia nippon,OG0000288,none
11,OG0000288,none
Rissa tridactyla,OG0000288,none
19,OG0000288,none
Cuculus canorus,OG0000288,none
10,OG0000288,none
29,OG0000288,none
Apus apus,OG0000288,none
41,OG0000288,none
Columbalivia,OG0000288,none
Numida meleagris,OG0000288,none
48,OG0000288,decreased
Dromaius novaehollandiae,OG0000288,none
58,OG0000288,none
Alligator mississippiensis,OG0000288,increased
68,OG0000288,decreased
Gopherus evgoodei,OG0000288,none
Varanus komodoensis,OG0000288,decreased
43,OG0000288,none
73,OG0000288,none
Pogona vitticeps,OG0000288,increased
51,OG0000288,none
Pseudonaja textilis,OG0000288,decreased
61,OG0000288,none
Eublepharis macularius,OG0000288,none
69,OG0000288,none
Sphenodon punctatus,OG0000288,decreased
75,OG0000288,decreased
Sus scrofa,OG0000288,none
17,OG0000288,none
Balaenoptera musculus,OG0000288,none
26,OG0000288,none
Ceratotherium simum,OG0000288,none
37,OG0000288,none
Desmodus rotundus,OG0000288,none
46,OG0000288,none
Gorilla gorilla,OG0000288,none
24,OG0000288,none
Tupaia chinensis,OG0000288,none
36,OG0000288,none
64,OG0000288,decreased
Nannosplalax galili,OG0000288,none
Elephas maximus,OG0000288,none
71,OG0000288,increased
47,OG0000288,none
Choloepus didactylus,OG0000288,none
72,OG0000288,decreased
Sarcophilus harrisi,OG0000288,none
Ornithorhynchus anatinus,OG0000288,none
MRCA,OG0000288,none
Rana temporaria,OG0000288,increased
20,OG0000288,decreased
Nanorana parkeri,OG0000288,decreased
32,OG0000288,increased
Bufo bufo,OG0000288,increased
44,OG0000288,none
Leptobrachium leishanense,OG0000288,increased
33,OG0000288,none
Spea bombifrons,OG0000288,decreased
52,OG0000288,none
Xenopus Tropicalis,OG0000288,decreased
45,OG0000288,decreased
62,OG0000288,increased
Xenopus Laevis,OG0000288,increased
70,OG0000288,increased
Bombina bombina,OG0000288,increased
Pleurodeles waltl,OG0000288,increased
74,OG0000288,increased
Microcaecilia unicolor,OG0000288,decreased
56,OG0000288,none
Geotrypetes seraphini,OG0000288,increased
66,OG0000288,none
Rhinatrema bivittatum,OG0000288,increased
Aquila chrysaetos,OG0000316,none
3,OG0000316,none
Taeniopygia guttata,OG0000316,none
7,OG0000316,none
Nipponia nippon,OG0000316,none
11,OG0000316,none
Rissa tridactyla,OG0000316,none
19,OG0000316,none
Cuculus canorus,OG0000316,none
10,OG0000316,none
29,OG0000316,none
Apus apus,OG0000316,none
41,OG0000316,none
Columbalivia,OG0000316,none
Numida meleagris,OG0000316,none
48,OG0000316,none
Dromaius novaehollandiae,OG0000316,none
58,OG0000316,none
Alligator mississippiensis,OG0000316,none
68,OG0000316,none
Gopherus evgoodei,OG0000316,increased
Varanus komodoensis,OG0000316,none
43,OG0000316,none
73,OG0000316,none
Pogona vitticeps,OG0000316,none
51,OG0000316,none
Pseudonaja textilis,OG0000316,none
61,OG0000316,none
Eublepharis macularius,OG0000316,none
69,OG0000316,none
Sphenodon punctatus,OG0000316,none
75,OG0000316,decreased
Sus scrofa,OG0000316,none
17,OG0000316,none
Balaenoptera musculus,OG0000316,none
26,OG0000316,none
Ceratotherium simum,OG0000316,none
37,OG0000316,none
Desmodus rotundus,OG0000316,none
46,OG0000316,none
Gorilla gorilla,OG0000316,none
24,OG0000316,none
Tupaia chinensis,OG0000316,none
36,OG0000316,none
64,OG0000316,none
Nannosplalax galili,OG0000316,none
Elephas maximus,OG0000316,none
71,OG0000316,increased
47,OG0000316,none
Choloepus didactylus,OG0000316,none
72,OG0000316,none
Sarcophilus harrisi,OG0000316,none
Ornithorhynchus anatinus,OG0000316,none
MRCA,OG0000316,none
Rana temporaria,OG0000316,increased
20,OG0000316,increased
Nanorana parkeri,OG0000316,decreased
32,OG0000316,none
Bufo bufo,OG0000316,decreased
44,OG0000316,none
Leptobrachium leishanense,OG0000316,increased
33,OG0000316,none
Spea bombifrons,OG0000316,decreased
52,OG0000316,none
Xenopus Tropicalis,OG0000316,decreased
45,OG0000316,increased
62,OG0000316,increased
Xenopus Laevis,OG0000316,increased
70,OG0000316,none
Bombina bombina,OG0000316,increased
Pleurodeles waltl,OG0000316,decreased
74,OG0000316,increased
Microcaecilia unicolor,OG0000316,increased
56,OG0000316,none
Geotrypetes seraphini,OG0000316,decreased
66,OG0000316,none
Rhinatrema bivittatum,OG0000316,increased
Aquila chrysaetos,OG0000780,none
3,OG0000780,none
Taeniopygia guttata,OG0000780,none
7,OG0000780,none
Nipponia nippon,OG0000780,none
11,OG0000780,decreased
Rissa tridactyla,OG0000780,none
19,OG0000780,none
Cuculus canorus,OG0000780,increased
10,OG0000780,none
29,OG0000780,none
Apus apus,OG0000780,decreased
41,OG0000780,none
Columbalivia,OG0000780,decreased
Numida meleagris,OG0000780,increased
48,OG0000780,none
Dromaius novaehollandiae,OG0000780,decreased
58,OG0000780,none
Alligator mississippiensis,OG0000780,none
68,OG0000780,none
Gopherus evgoodei,OG0000780,decreased
Varanus komodoensis,OG0000780,decreased
43,OG0000780,none
73,OG0000780,none
Pogona vitticeps,OG0000780,none
51,OG0000780,none
Pseudonaja textilis,OG0000780,decreased
61,OG0000780,increased
Eublepharis macularius,OG0000780,increased
69,OG0000780,none
Sphenodon punctatus,OG0000780,decreased
75,OG0000780,decreased
Sus scrofa,OG0000780,none
17,OG0000780,none
Balaenoptera musculus,OG0000780,none
26,OG0000780,none
Ceratotherium simum,OG0000780,none
37,OG0000780,none
Desmodus rotundus,OG0000780,none
46,OG0000780,none
Gorilla gorilla,OG0000780,none
24,OG0000780,none
Tupaia chinensis,OG0000780,none
36,OG0000780,none
64,OG0000780,none
Nannosplalax galili,OG0000780,none
Elephas maximus,OG0000780,none
71,OG0000780,increased
47,OG0000780,none
Choloepus didactylus,OG0000780,none
72,OG0000780,decreased
Sarcophilus harrisi,OG0000780,none
Ornithorhynchus anatinus,OG0000780,none
MRCA,OG0000780,none
Rana temporaria,OG0000780,increased
20,OG0000780,none
Nanorana parkeri,OG0000780,decreased
32,OG0000780,none
Bufo bufo,OG0000780,none
44,OG0000780,decreased
Leptobrachium leishanense,OG0000780,decreased
33,OG0000780,none
Spea bombifrons,OG0000780,none
52,OG0000780,none
Xenopus Tropicalis,OG0000780,decreased
45,OG0000780,none
62,OG0000780,none
Xenopus Laevis,OG0000780,increased
70,OG0000780,none
Bombina bombina,OG0000780,increased
Pleurodeles waltl,OG0000780,increased
74,OG0000780,increased
Microcaecilia unicolor,OG0000780,decreased
56,OG0000780,none
Geotrypetes seraphini,OG0000780,increased
66,OG0000780,none
Rhinatrema bivittatum,OG0000780,none
Aquila chrysaetos,OG0000999,none
3,OG0000999,none
Taeniopygia guttata,OG0000999,none
7,OG0000999,none
Nipponia nippon,OG0000999,none
11,OG0000999,none
Rissa tridactyla,OG0000999,none
19,OG0000999,none
Cuculus canorus,OG0000999,none
10,OG0000999,none
29,OG0000999,none
Apus apus,OG0000999,none
41,OG0000999,none
Columbalivia,OG0000999,none
Numida meleagris,OG0000999,none
48,OG0000999,none
Dromaius novaehollandiae,OG0000999,none
58,OG0000999,none
Alligator mississippiensis,OG0000999,none
68,OG0000999,decreased
Gopherus evgoodei,OG0000999,none
Varanus komodoensis,OG0000999,none
43,OG0000999,none
73,OG0000999,none
Pogona vitticeps,OG0000999,increased
51,OG0000999,none
Pseudonaja textilis,OG0000999,decreased
61,OG0000999,none
Eublepharis macularius,OG0000999,none
69,OG0000999,none
Sphenodon punctatus,OG0000999,decreased
75,OG0000999,decreased
Sus scrofa,OG0000999,none
17,OG0000999,none
Balaenoptera musculus,OG0000999,none
26,OG0000999,none
Ceratotherium simum,OG0000999,none
37,OG0000999,none
Desmodus rotundus,OG0000999,none
46,OG0000999,none
Gorilla gorilla,OG0000999,none
24,OG0000999,none
Tupaia chinensis,OG0000999,none
36,OG0000999,none
64,OG0000999,decreased
Nannosplalax galili,OG0000999,none
Elephas maximus,OG0000999,none
71,OG0000999,increased
47,OG0000999,none
Choloepus didactylus,OG0000999,none
72,OG0000999,decreased
Sarcophilus harrisi,OG0000999,none
Ornithorhynchus anatinus,OG0000999,none
MRCA,OG0000999,none
Rana temporaria,OG0000999,increased
20,OG0000999,increased
Nanorana parkeri,OG0000999,none
32,OG0000999,increased
Bufo bufo,OG0000999,none
44,OG0000999,none
Leptobrachium leishanense,OG0000999,increased
33,OG0000999,none
Spea bombifrons,OG0000999,decreased
52,OG0000999,none
Xenopus Tropicalis,OG0000999,none
45,OG0000999,decreased
62,OG0000999,increased
Xenopus Laevis,OG0000999,none
70,OG0000999,none
Bombina bombina,OG0000999,increased
Pleurodeles waltl,OG0000999,decreased
74,OG0000999,increased
Microcaecilia unicolor,OG0000999,none
56,OG0000999,none
Geotrypetes seraphini,OG0000999,decreased
66,OG0000999,none
Rhinatrema bivittatum,OG0000999,increased
Aquila chrysaetos,OG0001255,none
3,OG0001255,none
Taeniopygia guttata,OG0001255,none
7,OG0001255,none
Nipponia nippon,OG0001255,none
11,OG0001255,none
Rissa tridactyla,OG0001255,none
19,OG0001255,none
Cuculus canorus,OG0001255,none
10,OG0001255,none
29,OG0001255,none
Apus apus,OG0001255,none
41,OG0001255,none
Columbalivia,OG0001255,none
Numida meleagris,OG0001255,none
48,OG0001255,none
Dromaius novaehollandiae,OG0001255,none
58,OG0001255,none
Alligator mississippiensis,OG0001255,none
68,OG0001255,none
Gopherus evgoodei,OG0001255,none
Varanus komodoensis,OG0001255,none
43,OG0001255,none
73,OG0001255,none
Pogona vitticeps,OG0001255,none
51,OG0001255,none
Pseudonaja textilis,OG0001255,none
61,OG0001255,none
Eublepharis macularius,OG0001255,none
69,OG0001255,none
Sphenodon punctatus,OG0001255,none
75,OG0001255,decreased
Sus scrofa,OG0001255,none
17,OG0001255,none
Balaenoptera musculus,OG0001255,none
26,OG0001255,none
Ceratotherium simum,OG0001255,none
37,OG0001255,none
Desmodus rotundus,OG0001255,none
46,OG0001255,none
Gorilla gorilla,OG0001255,none
24,OG0001255,none
Tupaia chinensis,OG0001255,none
36,OG0001255,none
64,OG0001255,none
Nannosplalax galili,OG0001255,none
Elephas maximus,OG0001255,none
71,OG0001255,none
47,OG0001255,none
Choloepus didactylus,OG0001255,none
72,OG0001255,none
Sarcophilus harrisi,OG0001255,none
Ornithorhynchus anatinus,OG0001255,none
MRCA,OG0001255,none
Rana temporaria,OG0001255,increased
20,OG0001255,none
Nanorana parkeri,OG0001255,decreased
32,OG0001255,none
Bufo bufo,OG0001255,increased
44,OG0001255,none
Leptobrachium leishanense,OG0001255,none
33,OG0001255,decreased
Spea bombifrons,OG0001255,decreased
52,OG0001255,none
Xenopus Tropicalis,OG0001255,none
45,OG0001255,increased
62,OG0001255,increased
Xenopus Laevis,OG0001255,increased
70,OG0001255,none
Bombina bombina,OG0001255,increased
Pleurodeles waltl,OG0001255,increased
74,OG0001255,increased
Microcaecilia unicolor,OG0001255,none
56,OG0001255,none
Geotrypetes seraphini,OG0001255,decreased
66,OG0001255,decreased
Rhinatrema bivittatum,OG0001255,increased